INSERT INTO movie(nameRussian, nameNative, yearOfRelease, description, rating, price) VALUES('﻿Побег из Шоушенка','The Shawshank Redemption','1994','Успешный банкир Энди Дюфрейн обвинен в убийстве собственной жены и ее любовника. Оказавшись в тюрьме под названием Шоушенк, он сталкивается с жестокостью и беззаконием, царящими по обе стороны решетки. Каждый, кто попадает в эти стены, становится их рабом до конца жизни. Но Энди, вооруженный живым умом и доброй душой, отказывается мириться с приговором судьбы и начинает разрабатывать невероятно дерзкий план своего освобождения.','8.9','123.45');
INSERT INTO raw_movie_to_country (nameRussian, country) VALUES ('﻿Побег из Шоушенка','США');
INSERT INTO raw_movie_to_genre (nameRussian, genre) VALUES ('﻿Побег из Шоушенка','драма');
INSERT INTO raw_movie_to_genre (nameRussian, genre) VALUES ('﻿Побег из Шоушенка','криминал');
INSERT INTO movie(nameRussian, nameNative, yearOfRelease, description, rating, price) VALUES('Зеленая миля','The Green Mile','1999','Обвиненный в страшном преступлении, Джон Коффи оказывается в блоке смертников тюрьмы «Холодная гора». Вновь прибывший обладал поразительным ростом и был пугающе спокоен, что, впрочем, никак не влияло на отношение к нему начальника блока Пола Эджкомба, привыкшего исполнять приговор.','8.9','134.67');
INSERT INTO raw_movie_to_country (nameRussian, country) VALUES ('Зеленая миля','США');
INSERT INTO raw_movie_to_genre (nameRussian, genre) VALUES ('Зеленая миля','фэнтези');
INSERT INTO raw_movie_to_genre (nameRussian, genre) VALUES ('Зеленая миля','драма');
INSERT INTO raw_movie_to_genre (nameRussian, genre) VALUES ('Зеленая миля','криминал');
INSERT INTO raw_movie_to_genre (nameRussian, genre) VALUES ('Зеленая миля','детектив');
INSERT INTO movie(nameRussian, nameNative, yearOfRelease, description, rating, price) VALUES('Форрест Гамп','Forrest Gump','1994','От лица главного героя Форреста Гампа, слабоумного безобидного человека с благородным и открытым сердцем, рассказывается история его необыкновенной жизни.Фантастическим образом превращается он в известного футболиста, героя войны, преуспевающего бизнесмена. Он становится миллиардером, но остается таким же бесхитростным, глупым и добрым. Форреста ждет постоянный успех во всем, а он любит девочку, с которой дружил в детстве, но взаимность приходит слишком поздно.','8.6','200.60');
INSERT INTO raw_movie_to_country (nameRussian, country) VALUES ('Форрест Гамп','США');
INSERT INTO raw_movie_to_genre (nameRussian, genre) VALUES ('Форрест Гамп','драма');
INSERT INTO raw_movie_to_genre (nameRussian, genre) VALUES ('Форрест Гамп','мелодрама');
INSERT INTO movie(nameRussian, nameNative, yearOfRelease, description, rating, price) VALUES('Список Шиндлера','Schindler''s List','1993','Фильм рассказывает реальную историю загадочного Оскара Шиндлера, члена нацистской партии, преуспевающего фабриканта, спасшего во время Второй мировой войны почти 1200 евреев.','8.7','150.50');
INSERT INTO raw_movie_to_country (nameRussian, country) VALUES ('Список Шиндлера','США');
INSERT INTO raw_movie_to_genre (nameRussian, genre) VALUES ('Список Шиндлера','драма');
INSERT INTO raw_movie_to_genre (nameRussian, genre) VALUES ('Список Шиндлера','биография');
INSERT INTO movie(nameRussian, nameNative, yearOfRelease, description, rating, price) VALUES('1+1','Intouchables','2011','Пострадав в результате несчастного случая, богатый аристократ Филипп нанимает в помощники человека, который менее всего подходит для этой работы, — молодого жителя предместья Дрисса, только что освободившегося из тюрьмы. Несмотря на то, что Филипп прикован к инвалидному креслу, Дриссу удается привнести в размеренную жизнь аристократа дух приключений.','8.3','120.00');
INSERT INTO raw_movie_to_country (nameRussian, country) VALUES ('1+1','Франция');
INSERT INTO raw_movie_to_genre (nameRussian, genre) VALUES ('1+1','драма');
INSERT INTO raw_movie_to_genre (nameRussian, genre) VALUES ('1+1','комедия');
INSERT INTO raw_movie_to_genre (nameRussian, genre) VALUES ('1+1','биография');
INSERT INTO movie(nameRussian, nameNative, yearOfRelease, description, rating, price) VALUES('Начало','Inception','2010','Кобб — талантливый вор, лучший из лучших в опасном искусстве извлечения: он крадет ценные секреты из глубин подсознания во время сна, когда человеческий разум наиболее уязвим. Редкие способности Кобба сделали его ценным игроком в привычном к предательству мире промышленного шпионажа, но они же превратили его в извечного беглеца и лишили всего, что он когда-либо любил. ','8.6','130.00');
INSERT INTO raw_movie_to_country (nameRussian, country) VALUES ('Начало','США');
INSERT INTO raw_movie_to_country (nameRussian, country) VALUES ('Начало','Великобритания');
INSERT INTO raw_movie_to_genre (nameRussian, genre) VALUES ('Начало','фантастика');
INSERT INTO raw_movie_to_genre (nameRussian, genre) VALUES ('Начало','боевик');
INSERT INTO raw_movie_to_genre (nameRussian, genre) VALUES ('Начало','триллер');
INSERT INTO raw_movie_to_genre (nameRussian, genre) VALUES ('Начало','драма');
INSERT INTO raw_movie_to_genre (nameRussian, genre) VALUES ('Начало','детектив');
INSERT INTO movie(nameRussian, nameNative, yearOfRelease, description, rating, price) VALUES('Жизнь прекрасна','La vita è bella','1997','Во время II Мировой войны в Италии в концлагерь были отправлены евреи, отец и его маленький сын. Жена, итальянка, добровольно последовала вслед за ними. В лагере отец сказал сыну, что все происходящее вокруг является очень большой игрой за приз в настоящий танк, который достанется тому мальчику, который сможет не попасться на глаза надзирателям. Он сделал все, чтобы сын поверил в игру и остался жив, прячась в бараке.','8.2','145.99');
INSERT INTO raw_movie_to_country (nameRussian, country) VALUES ('Жизнь прекрасна','Италия');
INSERT INTO raw_movie_to_genre (nameRussian, genre) VALUES ('Жизнь прекрасна','драма');
INSERT INTO raw_movie_to_genre (nameRussian, genre) VALUES ('Жизнь прекрасна','мелодрама');
INSERT INTO raw_movie_to_genre (nameRussian, genre) VALUES ('Жизнь прекрасна','комедия');
INSERT INTO movie(nameRussian, nameNative, yearOfRelease, description, rating, price) VALUES('Бойцовский клуб','Fight Club','1999','Терзаемый хронической бессонницей и отчаянно пытающийся вырваться из мучительно скучной жизни, клерк встречает некоего Тайлера Дардена, харизматического торговца мылом с извращенной философией. Тайлер уверен, что самосовершенствование — удел слабых, а саморазрушение — единственное, ради чего стоит жить.','8.4','119.99');
INSERT INTO raw_movie_to_country (nameRussian, country) VALUES ('Бойцовский клуб','США');
INSERT INTO raw_movie_to_country (nameRussian, country) VALUES ('Бойцовский клуб','Германия');
INSERT INTO raw_movie_to_genre (nameRussian, genre) VALUES ('Бойцовский клуб','триллер');
INSERT INTO raw_movie_to_genre (nameRussian, genre) VALUES ('Бойцовский клуб','драма');
INSERT INTO raw_movie_to_genre (nameRussian, genre) VALUES ('Бойцовский клуб','криминал');
INSERT INTO movie(nameRussian, nameNative, yearOfRelease, description, rating, price) VALUES('Звёздные войны: Эпизод 4 – Новая надежда','Star Wars','1977','Татуин. Планета-пустыня. Уже постаревший рыцарь Джедай Оби Ван Кеноби спасает молодого Люка Скайуокера, когда тот пытается отыскать пропавшего дроида. С этого момента Люк осознает свое истинное назначение: он один из рыцарей Джедай. В то время как гражданская война охватила галактику, а войска повстанцев ведут бои против сил злого Императора, к Люку и Оби Вану присоединяется отчаянный пилот-наемник Хан Соло, и в сопровождении двух дроидов, R2D2 и C-3PO, этот необычный отряд отправляется на поиски предводителя повстанцев — принцессы Леи. Героям предстоит отчаянная схватка с устрашающим Дартом Вейдером — правой рукой Императора и его секретным оружием — «Звездой Смерти».','8.1','198.98');
INSERT INTO raw_movie_to_country (nameRussian, country) VALUES ('Звёздные войны: Эпизод 4 – Новая надежда','США');
INSERT INTO raw_movie_to_genre (nameRussian, genre) VALUES ('Звёздные войны: Эпизод 4 – Новая надежда','фантастика');
INSERT INTO raw_movie_to_genre (nameRussian, genre) VALUES ('Звёздные войны: Эпизод 4 – Новая надежда','фэнтези');
INSERT INTO raw_movie_to_genre (nameRussian, genre) VALUES ('Звёздные войны: Эпизод 4 – Новая надежда','боевик');
INSERT INTO raw_movie_to_genre (nameRussian, genre) VALUES ('Звёздные войны: Эпизод 4 – Новая надежда','приключения');
INSERT INTO movie(nameRussian, nameNative, yearOfRelease, description, rating, price) VALUES('Звёздные войны: Эпизод 5 – Империя наносит ответный удар','Star Wars: Episode V - The Empire Strikes Back','1980','Борьба за Галактику обостряется в пятом эпизоде космической саги. Войска Императора начинают массированную атаку на повстанцев и их союзников. Хан Соло и принцесса Лейя укрываются в Заоблачном Городе, в котором их и захватывает Дарт Вейдер, в то время как Люк Скайуокер находится на таинственной планете джунглей Дагоба. Там Мастер — джедай Йода обучает молодого рыцаря навыкам обретения Силы. Люк даже не предполагает, как скоро ему придется воспользоваться знаниями старого Мастера: впереди битва с превосходящими силами Императора и смертельный поединок с Дартом Вейдером.','8.2','198.98');
INSERT INTO raw_movie_to_country (nameRussian, country) VALUES ('Звёздные войны: Эпизод 5 – Империя наносит ответный удар','США');
INSERT INTO raw_movie_to_genre (nameRussian, genre) VALUES ('Звёздные войны: Эпизод 5 – Империя наносит ответный удар','фантастика');
INSERT INTO raw_movie_to_genre (nameRussian, genre) VALUES ('Звёздные войны: Эпизод 5 – Империя наносит ответный удар','фэнтези');
INSERT INTO raw_movie_to_genre (nameRussian, genre) VALUES ('Звёздные войны: Эпизод 5 – Империя наносит ответный удар','боевик');
INSERT INTO raw_movie_to_genre (nameRussian, genre) VALUES ('Звёздные войны: Эпизод 5 – Империя наносит ответный удар','приключения');
INSERT INTO movie(nameRussian, nameNative, yearOfRelease, description, rating, price) VALUES('Унесённые призраками','Sen to Chihiro no kamikakushi','2001','Маленькая Тихиро вместе с мамой и папой переезжают в новый дом. Заблудившись по дороге, они оказываются в странном пустынном городе, где их ждет великолепный пир. Родители с жадностью набрасываются на еду и к ужасу девочки превращаются в свиней, став пленниками злой колдуньи Юбабы, властительницы таинственного мира древних богов и могущественных духов. ','8.6','145.90');
INSERT INTO raw_movie_to_country (nameRussian, country) VALUES ('Унесённые призраками','Япония');
INSERT INTO raw_movie_to_genre (nameRussian, genre) VALUES ('Унесённые призраками','аниме');
INSERT INTO raw_movie_to_genre (nameRussian, genre) VALUES ('Унесённые призраками','мультфильм');
INSERT INTO raw_movie_to_genre (nameRussian, genre) VALUES ('Унесённые призраками','фэнтези');
INSERT INTO raw_movie_to_genre (nameRussian, genre) VALUES ('Унесённые призраками','приключения');
INSERT INTO raw_movie_to_genre (nameRussian, genre) VALUES ('Унесённые призраками','семейный');
INSERT INTO movie(nameRussian, nameNative, yearOfRelease, description, rating, price) VALUES('Титаник','Titanic','1997','Молодые влюбленные Джек и Роза находят друг друга в первом и последнем плавании «непотопляемого» Титаника. Они не могли знать, что шикарный лайнер столкнется с айсбергом в холодных водах Северной Атлантики, и их страстная любовь превратится в схватку со смертью…','7.9','150.00');
INSERT INTO raw_movie_to_country (nameRussian, country) VALUES ('Титаник','США');
INSERT INTO raw_movie_to_genre (nameRussian, genre) VALUES ('Титаник','драма');
INSERT INTO raw_movie_to_genre (nameRussian, genre) VALUES ('Титаник','мелодрама');
INSERT INTO movie(nameRussian, nameNative, yearOfRelease, description, rating, price) VALUES('Пролетая над гнездом кукушки','One Flew Over the Cuckoo''s Nest','1975','Сымитировав помешательство в надежде избежать тюремного заключения, Рэндл Патрик МакМерфи попадает в психиатрическую клинику, где почти безраздельным хозяином является жестокосердная сестра Милдред Рэтчед. МакМерфи поражается тому, что прочие пациенты смирились с существующим положением вещей, а некоторые — даже сознательно пришли в лечебницу, прячась от пугающего внешнего мира. И решается на бунт. В одиночку.','8.7','180.00');
INSERT INTO raw_movie_to_country (nameRussian, country) VALUES ('Пролетая над гнездом кукушки','США');
INSERT INTO raw_movie_to_genre (nameRussian, genre) VALUES ('Пролетая над гнездом кукушки','драма');
INSERT INTO movie(nameRussian, nameNative, yearOfRelease, description, rating, price) VALUES('Ходячий замок','Hauru no ugoku shiro','2004','Злая ведьма заточила 18-летнюю Софи в тело старухи. В поисках того, кто поможет ей вернуться к своему облику, Софи знакомится с могущественным волшебником Хаулом и его демоном Кальцифером. Кальцифер должен служить Хаулу по договору, условия которого он не может разглашать. Девушка и демон решают помочь друг другу избавиться от злых чар…','8.2','130.50');
INSERT INTO raw_movie_to_country (nameRussian, country) VALUES ('Ходячий замок','Япония');
INSERT INTO raw_movie_to_genre (nameRussian, genre) VALUES ('Ходячий замок','аниме');
INSERT INTO raw_movie_to_genre (nameRussian, genre) VALUES ('Ходячий замок','мультфильм');
INSERT INTO raw_movie_to_genre (nameRussian, genre) VALUES ('Ходячий замок','фэнтези');
INSERT INTO raw_movie_to_genre (nameRussian, genre) VALUES ('Ходячий замок','приключения');
INSERT INTO movie(nameRussian, nameNative, yearOfRelease, description, rating, price) VALUES('Гладиатор','Gladiator','2000','В великой Римской империи не было военачальника, равного генералу Максимусу. Непобедимые легионы, которыми командовал этот благородный воин, боготворили его и могли последовать за ним даже в ад. Но случилось так, что отважный Максимус, готовый сразиться с любым противником в честном бою, оказался бессилен против вероломных придворных интриг. Генерала предали и приговорили к смерти. Чудом избежав гибели, Максимус становится гладиатором.','8.6','175.00');
INSERT INTO raw_movie_to_country (nameRussian, country) VALUES ('Гладиатор','США');
INSERT INTO raw_movie_to_country (nameRussian, country) VALUES ('Гладиатор','Великобритания');
INSERT INTO raw_movie_to_genre (nameRussian, genre) VALUES ('Гладиатор','боевик');
INSERT INTO raw_movie_to_genre (nameRussian, genre) VALUES ('Гладиатор','драма');
INSERT INTO movie(nameRussian, nameNative, yearOfRelease, description, rating, price) VALUES('Большой куш','Snatch.','2000','Четырехпалый Френки должен был переправить краденый алмаз из Англии в США своему боссу Эви. Но вместо этого герой попадает в эпицентр больших неприятностей. Сделав ставку на подпольном боксерском поединке, Френки попадает в круговорот весьма нежелательных событий. Вокруг героя и его груза разворачивается сложная интрига с участием множества колоритных персонажей лондонского дна — русского гангстера, троих незадачливых грабителей, хитрого боксера и угрюмого громилы грозного мафиози. Каждый норовит в одиночку сорвать Большой Куш.','8.5','160.00');
INSERT INTO raw_movie_to_country (nameRussian, country) VALUES ('Большой куш','Великобритания');
INSERT INTO raw_movie_to_country (nameRussian, country) VALUES ('Большой куш','США');
INSERT INTO raw_movie_to_genre (nameRussian, genre) VALUES ('Большой куш','криминал');
INSERT INTO raw_movie_to_genre (nameRussian, genre) VALUES ('Большой куш','комедия');
INSERT INTO movie(nameRussian, nameNative, yearOfRelease, description, rating, price) VALUES('Темный рыцарь','The Dark Knight','2008','Бэтмен поднимает ставки в войне с криминалом. С помощью лейтенанта Джима Гордона и прокурора Харви Дента он намерен очистить улицы от преступности, отравляющей город. Сотрудничество оказывается эффективным, но скоро они обнаружат себя посреди хаоса, развязанного восходящим криминальным гением, известным испуганным горожанам под именем Джокер.','8.5','199.99');
INSERT INTO raw_movie_to_country (nameRussian, country) VALUES ('Темный рыцарь','США');
INSERT INTO raw_movie_to_country (nameRussian, country) VALUES ('Темный рыцарь','Великобритания');
INSERT INTO raw_movie_to_genre (nameRussian, genre) VALUES ('Темный рыцарь','фантастика');
INSERT INTO raw_movie_to_genre (nameRussian, genre) VALUES ('Темный рыцарь','боевик');
INSERT INTO raw_movie_to_genre (nameRussian, genre) VALUES ('Темный рыцарь','триллер');
INSERT INTO raw_movie_to_genre (nameRussian, genre) VALUES ('Темный рыцарь','криминал');
INSERT INTO raw_movie_to_genre (nameRussian, genre) VALUES ('Темный рыцарь','драма');
INSERT INTO movie(nameRussian, nameNative, yearOfRelease, description, rating, price) VALUES('Как приручить дракона','How to Train Your Dragon','2010','Вы узнаете историю подростка Иккинга, которому не слишком близки традиции его героического племени, много лет ведущего войну с драконами. Мир Иккинга переворачивается с ног на голову, когда он неожиданно встречает дракона Беззубика, который поможет ему и другим викингам увидеть привычный мир с совершенно другой стороны…','8.2','182.00');
INSERT INTO raw_movie_to_country (nameRussian, country) VALUES ('Как приручить дракона','США');
INSERT INTO raw_movie_to_genre (nameRussian, genre) VALUES ('Как приручить дракона','мультфильм');
INSERT INTO raw_movie_to_genre (nameRussian, genre) VALUES ('Как приручить дракона','фэнтези');
INSERT INTO raw_movie_to_genre (nameRussian, genre) VALUES ('Как приручить дракона','комедия');
INSERT INTO raw_movie_to_genre (nameRussian, genre) VALUES ('Как приручить дракона','приключения');
INSERT INTO raw_movie_to_genre (nameRussian, genre) VALUES ('Как приручить дракона','семейный');
INSERT INTO movie(nameRussian, nameNative, yearOfRelease, description, rating, price) VALUES('Молчание ягнят','The Silence of the Lambs','1990','Психопат похищает и убивает молодых женщин по всему Среднему Западу Америки. ФБР, уверенное в том, что все преступления совершены одним и тем же человеком, поручает агенту Клариссе Старлинг встретиться с заключенным-маньяком, который мог бы объяснить следствию психологические мотивы серийного убийцы и тем самым вывести на его след.','8.3','150.50');
INSERT INTO raw_movie_to_country (nameRussian, country) VALUES ('Молчание ягнят','США');
INSERT INTO raw_movie_to_genre (nameRussian, genre) VALUES ('Молчание ягнят','триллер');
INSERT INTO raw_movie_to_genre (nameRussian, genre) VALUES ('Молчание ягнят','криминал');
INSERT INTO raw_movie_to_genre (nameRussian, genre) VALUES ('Молчание ягнят','детектив');
INSERT INTO raw_movie_to_genre (nameRussian, genre) VALUES ('Молчание ягнят','драма');
INSERT INTO movie(nameRussian, nameNative, yearOfRelease, description, rating, price) VALUES('Гран Торино','Gran Torino','2008','Вышедший на пенсию автомеханик Уолт Ковальски проводит дни, починяя что-то по дому, попивая пиво и раз в месяц заходя к парикмахеру. И хотя последним желанием его недавно почившей жены было совершение им исповеди, Уолту — ожесточившемуся ветерану Корейской войны, всегда держащему свою винтовку наготове, — признаваться в общем-то не в чем. Да и нет того, кому он доверял бы в той полной мере, в какой доверяет своей собаке Дейзи.','8.1','100.50');
INSERT INTO raw_movie_to_country (nameRussian, country) VALUES ('Гран Торино','США');
INSERT INTO raw_movie_to_country (nameRussian, country) VALUES ('Гран Торино','Германия');
INSERT INTO raw_movie_to_genre (nameRussian, genre) VALUES ('Гран Торино','драма');
INSERT INTO movie(nameRussian, nameNative, yearOfRelease, description, rating, price) VALUES('Хороший, плохой, злой','Il buono, il brutto, il cattivo','1979','В разгар гражданской войны таинственный стрелок скитается по просторам Дикого Запада. У него нет ни дома, ни друзей, ни компаньонов, пока он не встречает двоих незнакомцев, таких же безжалостных и циничных. По воле судьбы трое мужчин вынуждены объединить свои усилия в поисках украденного золота. Но совместная работа — не самое подходящее занятие для таких отъявленных бандитов, как они. Компаньоны вскоре понимают, что в их дерзком и опасном путешествии по разоренной войной стране самое важное — никому не доверять и держать пистолет наготове, если хочешь остаться в живых.','8.5','130.00');
INSERT INTO raw_movie_to_country (nameRussian, country) VALUES ('Хороший, плохой, злой','Италия');
INSERT INTO raw_movie_to_country (nameRussian, country) VALUES ('Хороший, плохой, злой','Испания');
INSERT INTO raw_movie_to_country (nameRussian, country) VALUES ('Хороший, плохой, злой','Германия');
INSERT INTO raw_movie_to_country (nameRussian, country) VALUES ('Хороший, плохой, злой','США');
INSERT INTO raw_movie_to_genre (nameRussian, genre) VALUES ('Хороший, плохой, злой','вестерн');
INSERT INTO movie(nameRussian, nameNative, yearOfRelease, description, rating, price) VALUES('Укрощение строптивого','Il bisbetico domato','1980','Категорически не приемлющий женского общества грубоватый фермер вполне счастлив и доволен своей холостяцкой жизнью. Но неожиданно появившаяся в его жизни героиня пытается изменить его взгляды на жизнь и очаровать его. Что же из этого получится…','7.7','120.00');
INSERT INTO raw_movie_to_country (nameRussian, country) VALUES ('Укрощение строптивого','Италия');
INSERT INTO raw_movie_to_genre (nameRussian, genre) VALUES ('Укрощение строптивого','комедия');
INSERT INTO movie(nameRussian, nameNative, yearOfRelease, description, rating, price) VALUES('Блеф','Bluff storia di truffe e di imbroglioni','1976','Белль Дюк имеет старые счеты с Филиппом Бэнгом, который отбывает свой срок за решёткой. Для того чтобы поквитаться с Филиппом, Белль Дюк вступает в сговор с другим аферистом по имени Феликс, чтобы тот организовал побег Филиппа Бенга из тюрьмы. Побег удаётся, но парочка заодно обманывает и Белль Дюк, исчезнув прямо из-под её носа. Выясняется, что и Филипп Бэнг, в свою очередь, не прочь отомстить Белль Дюк. Для этого он задумывает грандиозную мистификацию, сродни покерному блефу…','7.6','100.00');
INSERT INTO raw_movie_to_country (nameRussian, country) VALUES ('Блеф','Италия');
INSERT INTO raw_movie_to_genre (nameRussian, genre) VALUES ('Блеф','комедия');
INSERT INTO raw_movie_to_genre (nameRussian, genre) VALUES ('Блеф','криминал');
INSERT INTO movie(nameRussian, nameNative, yearOfRelease, description, rating, price) VALUES('Джанго освобожденный','Django Unchained','2012','Эксцентричный охотник за головами, также известный как «Дантист», промышляет отстрелом самых опасных преступников. Работенка пыльная, и без надежного помощника ему не обойтись. Но как найти такого и желательно не очень дорогого? Беглый раб по имени Джанго — прекрасная кандидатура. Правда, у нового помощника свои мотивы — кое с чем надо разобраться…','8.5','170.00');
INSERT INTO raw_movie_to_country (nameRussian, country) VALUES ('Джанго освобожденный','США');
INSERT INTO raw_movie_to_genre (nameRussian, genre) VALUES ('Джанго освобожденный','драма');
INSERT INTO raw_movie_to_genre (nameRussian, genre) VALUES ('Джанго освобожденный','вестерн');
INSERT INTO raw_movie_to_genre (nameRussian, genre) VALUES ('Джанго освобожденный','приключения');
INSERT INTO raw_movie_to_genre (nameRussian, genre) VALUES ('Джанго освобожденный','комедия');
INSERT INTO movie(nameRussian, nameNative, yearOfRelease, description, rating, price) VALUES('Танцующий с волками','Dances with Wolves','1990','Действие фильма происходит в США во времена Гражданской войны. Лейтенант американской армии Джон Данбар после ранения в бою просит перевести его на новое место службы ближе к западной границе США. Место его службы отдалённый маленький форт. Непосредственный его командир покончил жизнь самоубийством, а попутчик Данбара погиб в стычке с индейцами после того, как довез героя до места назначения. Людей, знающих, что Данбар остался один в форте и должен выжить в условиях суровой природы, и в соседстве с кажущимися негостеприимными коренными обитателями Северной Америки, просто не осталось. Казалось, он покинут всеми. Постепенно лейтенант осваивается, он ведет записи в дневнике…','8.00','120.55');
INSERT INTO raw_movie_to_country (nameRussian, country) VALUES ('Танцующий с волками','США');
INSERT INTO raw_movie_to_country (nameRussian, country) VALUES ('Танцующий с волками','Великобритания');
INSERT INTO raw_movie_to_genre (nameRussian, genre) VALUES ('Танцующий с волками','драма');
INSERT INTO raw_movie_to_genre (nameRussian, genre) VALUES ('Танцующий с волками','приключения');
INSERT INTO raw_movie_to_genre (nameRussian, genre) VALUES ('Танцующий с волками','вестерн');
